Muon_Eta,Model_QCDToMu_pPb,Alpha_QCDToMuPl_pPb,Alpha_QCDToMuMi_pPb,Beta_QCDToMuPl_pPb,Beta_QCDToMuMi_pPb,x0_QCDToMuPl_pPb,x0_QCDToMuMi_pPb,
-2.4_-2.2,MultiJetBkg,[5.4477;0.3939],[4.8230;0.3046],[-3.0985;0.1440],[-2.9058;0.1143],[2.4020;0.4674],[1.6718;0.3633],
-2.2_-2.0,MultiJetBkg,[5.4477;0.3939],[4.8230;0.3046],[-3.0985;0.1440],[-2.9058;0.1143],[2.4020;0.4674],[1.6718;0.3633],
-2.0_-1.8,MultiJetBkg,[5.4477;0.3939],[4.8230;0.3046],[-3.0985;0.1440],[-2.9058;0.1143],[2.4020;0.4674],[1.6718;0.3633],
-1.8_-1.6,MultiJetBkg,[5.4477;0.3939],[4.8230;0.3046],[-3.0985;0.1440],[-2.9058;0.1143],[2.4020;0.4674],[1.6718;0.3633],
-1.6_-1.4,MultiJetBkg,[5.4477;0.3939],[4.8230;0.3046],[-3.0985;0.1440],[-2.9058;0.1143],[2.4020;0.4674],[1.6718;0.3633],
-1.4_-1.2,MultiJetBkg,[5.4477;0.3939],[4.8230;0.3046],[-3.0985;0.1440],[-2.9058;0.1143],[2.4020;0.4674],[1.6718;0.3633],
-1.2_-1.0,MultiJetBkg,[5.4477;0.3939],[4.8230;0.3046],[-3.0985;0.1440],[-2.9058;0.1143],[2.4020;0.4674],[1.6718;0.3633],
-1.0_-0.8,MultiJetBkg,[5.4477;0.3939],[4.8230;0.3046],[-3.0985;0.1440],[-2.9058;0.1143],[2.4020;0.4674],[1.6718;0.3633],
-0.8_-0.6,MultiJetBkg,[5.4477;0.3939],[4.8230;0.3046],[-3.0985;0.1440],[-2.9058;0.1143],[2.4020;0.4674],[1.6718;0.3633],
-0.6_-0.4,MultiJetBkg,[5.4477;0.3939],[4.8230;0.3046],[-3.0985;0.1440],[-2.9058;0.1143],[2.4020;0.4674],[1.6718;0.3633],
-0.4_-0.2,MultiJetBkg,[5.4477;0.3939],[4.8230;0.3046],[-3.0985;0.1440],[-2.9058;0.1143],[2.4020;0.4674],[1.6718;0.3633],
-0.2_-0.0,MultiJetBkg,[5.4477;0.3939],[4.8230;0.3046],[-3.0985;0.1440],[-2.9058;0.1143],[2.4020;0.4674],[1.6718;0.3633],
-0.0_+0.2,MultiJetBkg,[5.4477;0.3939],[4.8230;0.3046],[-3.0985;0.1440],[-2.9058;0.1143],[2.4020;0.4674],[1.6718;0.3633],
+0.2_+0.4,MultiJetBkg,[5.4477;0.3939],[4.8230;0.3046],[-3.0985;0.1440],[-2.9058;0.1143],[2.4020;0.4674],[1.6718;0.3633],
+0.4_+0.6,MultiJetBkg,[5.4477;0.3939],[4.8230;0.3046],[-3.0985;0.1440],[-2.9058;0.1143],[2.4020;0.4674],[1.6718;0.3633],
+0.6_+0.8,MultiJetBkg,[5.4477;0.3939],[4.8230;0.3046],[-3.0985;0.1440],[-2.9058;0.1143],[2.4020;0.4674],[1.6718;0.3633],
+0.8_+1.0,MultiJetBkg,[5.4477;0.3939],[4.8230;0.3046],[-3.0985;0.1440],[-2.9058;0.1143],[2.4020;0.4674],[1.6718;0.3633],
+1.0_+1.2,MultiJetBkg,[5.4477;0.3939],[4.8230;0.3046],[-3.0985;0.1440],[-2.9058;0.1143],[2.4020;0.4674],[1.6718;0.3633],
+1.2_+1.4,MultiJetBkg,[5.4477;0.3939],[4.8230;0.3046],[-3.0985;0.1440],[-2.9058;0.1143],[2.4020;0.4674],[1.6718;0.3633],
+1.4_+1.6,MultiJetBkg,[5.4477;0.3939],[4.8230;0.3046],[-3.0985;0.1440],[-2.9058;0.1143],[2.4020;0.4674],[1.6718;0.3633],
+1.6_+1.8,MultiJetBkg,[5.4477;0.3939],[4.8230;0.3046],[-3.0985;0.1440],[-2.9058;0.1143],[2.4020;0.4674],[1.6718;0.3633],
+1.8_+2.0,MultiJetBkg,[5.4477;0.3939],[4.8230;0.3046],[-3.0985;0.1440],[-2.9058;0.1143],[2.4020;0.4674],[1.6718;0.3633],
+2.0_+2.2,MultiJetBkg,[5.4477;0.3939],[4.8230;0.3046],[-3.0985;0.1440],[-2.9058;0.1143],[2.4020;0.4674],[1.6718;0.3633],
+2.2_+2.4,MultiJetBkg,[5.4477;0.3939],[4.8230;0.3046],[-3.0985;0.1440],[-2.9058;0.1143],[2.4020;0.4674],[1.6718;0.3633],
-2.4_+2.4,MultiJetBkg,[5.4477;0.3939],[4.8230;0.3046],[-3.0985;0.1440],[-2.9058;0.1143],[2.4020;0.4674],[1.6718;0.3633],
