Muon_Eta,Model_QCDToMu_Pbp,Alpha_QCDToMuPl_Pbp,Alpha_QCDToMuMi_Pbp,Beta_QCDToMuPl_Pbp,Beta_QCDToMuMi_Pbp,x0_QCDToMuPl_Pbp,x0_QCDToMuMi_Pbp,
-2.4_-2.2,MultiJetBkg,[4.1991;0.4865],[1.9066;0.4731],[-2.6141;0.1801],[-1.3203;0.1919],[1.3905;0.5797],[0.7108;0.4315],
-2.2_-2.0,MultiJetBkg,[4.1991;0.4865],[1.9066;0.4731],[-2.6141;0.1801],[-1.3203;0.1919],[1.3905;0.5797],[0.7108;0.4315],
-2.0_-1.8,MultiJetBkg,[4.1991;0.4865],[1.9066;0.4731],[-2.6141;0.1801],[-1.3203;0.1919],[1.3905;0.5797],[0.7108;0.4315],
-1.8_-1.6,MultiJetBkg,[4.1991;0.4865],[1.9066;0.4731],[-2.6141;0.1801],[-1.3203;0.1919],[1.3905;0.5797],[0.7108;0.4315],
-1.6_-1.4,MultiJetBkg,[4.1991;0.4865],[1.9066;0.4731],[-2.6141;0.1801],[-1.3203;0.1919],[1.3905;0.5797],[0.7108;0.4315],
-1.4_-1.2,MultiJetBkg,[4.1991;0.4865],[1.9066;0.4731],[-2.6141;0.1801],[-1.3203;0.1919],[1.3905;0.5797],[0.7108;0.4315],
-1.2_-1.0,MultiJetBkg,[4.1991;0.4865],[1.9066;0.4731],[-2.6141;0.1801],[-1.3203;0.1919],[1.3905;0.5797],[0.7108;0.4315],
-1.0_-0.8,MultiJetBkg,[4.1991;0.4865],[1.9066;0.4731],[-2.6141;0.1801],[-1.3203;0.1919],[1.3905;0.5797],[0.7108;0.4315],
-0.8_-0.6,MultiJetBkg,[4.1991;0.4865],[1.9066;0.4731],[-2.6141;0.1801],[-1.3203;0.1919],[1.3905;0.5797],[0.7108;0.4315],
-0.6_-0.4,MultiJetBkg,[4.1991;0.4865],[1.9066;0.4731],[-2.6141;0.1801],[-1.3203;0.1919],[1.3905;0.5797],[0.7108;0.4315],
-0.4_-0.2,MultiJetBkg,[4.1991;0.4865],[1.9066;0.4731],[-2.6141;0.1801],[-1.3203;0.1919],[1.3905;0.5797],[0.7108;0.4315],
-0.2_-0.0,MultiJetBkg,[4.1991;0.4865],[1.9066;0.4731],[-2.6141;0.1801],[-1.3203;0.1919],[1.3905;0.5797],[0.7108;0.4315],
-0.0_+0.2,MultiJetBkg,[4.1991;0.4865],[1.9066;0.4731],[-2.6141;0.1801],[-1.3203;0.1919],[1.3905;0.5797],[0.7108;0.4315],
+0.2_+0.4,MultiJetBkg,[4.1991;0.4865],[1.9066;0.4731],[-2.6141;0.1801],[-1.3203;0.1919],[1.3905;0.5797],[0.7108;0.4315],
+0.4_+0.6,MultiJetBkg,[4.1991;0.4865],[1.9066;0.4731],[-2.6141;0.1801],[-1.3203;0.1919],[1.3905;0.5797],[0.7108;0.4315],
+0.6_+0.8,MultiJetBkg,[4.1991;0.4865],[1.9066;0.4731],[-2.6141;0.1801],[-1.3203;0.1919],[1.3905;0.5797],[0.7108;0.4315],
+0.8_+1.0,MultiJetBkg,[4.1991;0.4865],[1.9066;0.4731],[-2.6141;0.1801],[-1.3203;0.1919],[1.3905;0.5797],[0.7108;0.4315],
+1.0_+1.2,MultiJetBkg,[4.1991;0.4865],[1.9066;0.4731],[-2.6141;0.1801],[-1.3203;0.1919],[1.3905;0.5797],[0.7108;0.4315],
+1.2_+1.4,MultiJetBkg,[4.1991;0.4865],[1.9066;0.4731],[-2.6141;0.1801],[-1.3203;0.1919],[1.3905;0.5797],[0.7108;0.4315],
+1.4_+1.6,MultiJetBkg,[4.1991;0.4865],[1.9066;0.4731],[-2.6141;0.1801],[-1.3203;0.1919],[1.3905;0.5797],[0.7108;0.4315],
+1.6_+1.8,MultiJetBkg,[4.1991;0.4865],[1.9066;0.4731],[-2.6141;0.1801],[-1.3203;0.1919],[1.3905;0.5797],[0.7108;0.4315],
+1.8_+2.0,MultiJetBkg,[4.1991;0.4865],[1.9066;0.4731],[-2.6141;0.1801],[-1.3203;0.1919],[1.3905;0.5797],[0.7108;0.4315],
+2.0_+2.2,MultiJetBkg,[4.1991;0.4865],[1.9066;0.4731],[-2.6141;0.1801],[-1.3203;0.1919],[1.3905;0.5797],[0.7108;0.4315],
+2.2_+2.4,MultiJetBkg,[4.1991;0.4865],[1.9066;0.4731],[-2.6141;0.1801],[-1.3203;0.1919],[1.3905;0.5797],[0.7108;0.4315],
-2.4_+2.4,MultiJetBkg,[4.1991;0.4865],[1.9066;0.4731],[-2.6141;0.1801],[-1.3203;0.1919],[1.3905;0.5797],[0.7108;0.4315],
